Company Name,ESG Rating
AAC TECHNOLOGIES HOLDINGS INC.,BBB
EQT AB,AA
Addtech AB,AA
Skanska AB,A
Trelleborg AB,BBB
Boliden AB,AAA
Securitas AB,BBB
Getinge AB,B
"Arca Continental, S.A.B. de C.V.",BBB
AYALA CORPORATION,BBB
AIR CANADA,A
"MS&AD Insurance Group Holdings, Inc.",AA
Koninklijke Ahold Delhaize N.V.,AA
ADOBE INC.,AAA
Advanced Petrochemical Company SJSC,BB
"CNGR Advanced Material Co., Ltd.",BBB
Advanced Micro-Fabrication Equipment Inc China,BBB
Advanced Info Service Public Company Limited,AA
"COSMO ADVANCED MATERIALS & TECHNOLOGY CO., LTD",BB
Aegon Ltd,AA
MTU Aero Engines AG,AA
"AECC AERO-ENGINE CONTROL CO.,LTD.",CCC
Swisscom AG,AA
Clariant AG,AA
Symrise AG,AA
Holcim AG,AA
Alcon AG,AAA
Novartis AG,AA
Geberit AG,AA
Avolta AG,A
L'AIR LIQUIDE SOCIETE ANONYME POUR L'ETUDE ET L'EXPLOITATION DES PROCEDES GEORGES CLAUDE SA,A
AIA Group Limited,AA
AIB GROUP PUBLIC LIMITED COMPANY,AA
"Shanghai International Airport Co., Ltd.",B
"Hainan Airport Infrastructure Co., Ltd",B
Air China Limited,BBB
SINGAPORE AIRLINES LIMITED,A
SOUTHWEST AIRLINES CO.,BB
"Ajinomoto Co., Inc.",AAA
"AKAMAI TECHNOLOGIES, INC.",AA
AKBANK TURK ANONIM SIRKETI,A
MERCK Kommanditgesellschaft auf Aktien,AAA
DAR AL ARKAN REAL ESTATE DEVELOPMENT COMPANY SJSC,CCC
Al-Rajhi Company for Cooperative Insurance SJSC,CCC
Masraf Al Rayan (Q.P.S.C.),BB
Al Nahdi Medical Company SJSC,BBB
AL RAJHI BANKING AND INVESTMENT CORPORATION SJSC,A
Dr Sulaiman Al Habib Medical Services Group Company SJSC,A
"ALIGN TECHNOLOGY, INC.",A
"WALGREENS BOOTS ALLIANCE, INC.",A
CP All Public Company Limited,A
DASSAULT AVIATION SA,B
PT AMMAN MINERAL INTERNASIONAL TBK.,BBB
Enel Americas S.A.,AAA
BANK OF AMERICA CORPORATION,A
PACKAGING CORPORATION OF AMERICA,BB
ANGLO AMERICAN PLC,AA
AMERICAN TOWER CORPORATION,AAA
AMERICAN EXPRESS COMPANY,AA
"Ping An Bank Co., Ltd.",BBB
"Ping An Insurance (Group) Company of China, Ltd.",A
ANA HOLDINGS INC.,AA
"VERISK ANALYTICS, INC.",A
LARSEN AND TOUBRO LIMITED,BBB
ELI LILLY AND COMPANY,A
MAHINDRA AND MAHINDRA LIMITED,A
Power and Water Utility Company for Jubail and Yanbu SJSC,CCC
Formosa Chemicals And Fibre Corporation,B
Aon plc,A
"AECC AVIATION POWER CO,LTD",CCC
APA Group,AAA
APA CORPORATION,A
"APPLIED MATERIALS, INC.",AAA
"MID-AMERICA APARTMENT COMMUNITIES, INC.",BB
CANADIAN APARTMENT PROPERTIES REAL ESTATE INVESTMENT TRUST,BBB
"HANGZHOU FIRST APPLIED MATERIAL CO., LTD.",BB
"Gree Electric Appliances, Inc. of Zhuhai",B
"HISENSE HOME APPLIANCES GROUP CO., LTD.",BBB
Saudi Arabian Oil Company,BB
Saudi Arabian Mining Company SJSC,BB
Mobile Telecommunications Company Saudi Arabia SJSC,AA
Arabian Internet and Communications Services Company SJSC,B
Bupa Arabia for Cooperative Insurance Company SJSC,BB
Arab National Bank,BB
ASIAN PAINTS LIMITED,AA
BROOKFIELD ASSET MANAGEMENT LTD,BBB
CK ASSET HOLDINGS LIMITED,BBB
Asia Cement Corporation,BB
HDFC Asset Management Company Ltd,BB
"MIRAE ASSET SECURITIES CO.,LTD.",A
"Asia Vital Components Co., Ltd.",AA
AT&T INC.,BBB
ATMOS ENERGY CORPORATION,A
Atlas Copco Aktiebolag,AA
ANGLOGOLD ASHANTI PLC,A
AU SMALL FINANCE BANK LIMITED,AA
AUCKLAND INTERNATIONAL AIRPORT LIMITED,AA
"ROCKWELL AUTOMATION, INC.",AA
GEELY AUTOMOBILE HOLDINGS LIMITED,AA
Chongqing Changan Automobile Company Limited,B
"Guangzhou Automobile Group Co., Ltd",BBB
"Anhui Jianghuai Automobile Group Corp., Ltd.",BB
Li Auto Inc.,AAA
NATIONAL AUSTRALIA BANK LIMITED,A
AVIVA PLC,AAA
Saudi Awwal Bank SJSC,BBB
AXIATA GROUP BERHAD,AA
"AXON ENTERPRISE, INC.",AA
CP AXTRA PUBLIC COMPANY LIMITED,BBB
AXIS BANK LIMITED,A
AXA SA,AAA
AYALA LAND INC.,BB
AZRIELI GROUP LTD.,BBB
"UNICREDIT, SOCIETA PER AZIONI",AA
LEONARDO - SOCIETA PER AZIONI,BBB
BANCO BPM SOCIETA PER AZIONI,A
POSTE ITALIANE - SOCIETA PER AZIONI,AA
ASSICURAZIONI GENERALI SOCIETA PER AZIONI,AAA
TERNA - RETE ELETTRICA NAZIONALE SOCIETA PER AZIONI,AA
MEDIOBANCA BANCA DI CREDITO FINANZIARIO SOCIETA PER AZIONI,AA
BAE SYSTEMS PLC,AA
BAKER HUGHES COMPANY,AA
Bangkok Expressway and Metro Public Company Limited,BBB
Bangkok Dusit Medical Services Public Company Limited,AA
Julius Baer Gruppe AG,AA
MALAYAN BANKING BERHAD,AA
WESTPAC BANKING CORPORATION,A
LLOYDS BANKING GROUP PLC,AA
Bank Aljazira SJSC,BB
BB Seguridade Participacoes S.A.,BB
BCE Inc.,BBB
"BECTON, DICKINSON AND COMPANY",BBB
BE Semiconductor Industries N.V.,AA
"BEIJING TONGRENTANG CO., LTD",BBB
BEIJING ENTERPRISES HOLDINGS LIMITED,A
BEIJING ENTERPRISES WATER GROUP LIMITED,A
"Beijing Yanjing Brewery Co., Ltd.",CCC
Beijing Kingsoft Office Software Inc,A
"Beijing Enlight Media Co., Ltd.",B
"Bank of Beijing Co., Ltd.",BB
Bunge Global SA,AAA
Bumrungrad Hospital Public Company Limited,A
BHARTI AIRTEL LIMITED,BBB
BHP GROUP LIMITED,A
BHARAT FORGE LTD,B
BHARAT PETROLEUM CORPORATION LIMITED,BB
BIM BIRLESIK MAGAZALAR ANONIM SIRKETI,BB
Genscript Biotech Corp,A
Cathay Biotech Inc,B
"BIO-RAD LABORATORIES, INC.",BBB
BKW AG,A
DANONE SA,AAA
BP P.L.C.,A
"BROADRIDGE FINANCIAL SOLUTIONS, INC.",AAA
BANCO BTG PACTUAL S.A.,BB
"YUTONG BUS CO., LTD.",B
Byhealth Co Ltd,BBB
CARREFOUR SA,AA
ROYAL BANK OF CANADA,AA
"CBOE GLOBAL MARKETS, INC.",AA
CCR S.A.,AA
CDW CORPORATION,A
CG POWER AND INDUSTRIAL SOLUTIONS LIMITED,B
CGI INC.,AA
"CHANG HWA COMMERCIAL BANK, LTD.",BBB
"Yifeng Pharmacy Chain Co., Ltd.",BB
"Zhejiang China Commodities City Group Co., Ltd",CCC
CJ CheilJedang Corporation,AA
CK INFRASTRUCTURE HOLDINGS LIMITED,BB
CANADIAN IMPERIAL BANK OF COMMERCE,AA
Empresas CMPC S.A.,BBB
CMS ENERGY CORPORATION,AA
CANADIAN NATIONAL RAILWAY CO,AA
CNH Industrial N.V.,AAA
"Yunnan Chihong Zinc & Germanium Co., Ltd.",BB
MatsukiyoCocokara & Co.,AA
"Eisai Co., Ltd.",AA
PT Charoen Pokphand Indonesia Tbk,B
CPFL ENERGIA S.A.,BBB
China Resources Microelectronics Limited,B
CHINA RESOURCES GAS GROUP LIMITED,A
CSL LIMITED,AAA
CUMMINS INC.,AAA
CYBERARK SOFTWARE LTD.,AA
"Dai-ichi Life Holdings, Inc.",BBB
DBS GROUP HOLDINGS LTD,AA
"Promotora y Operadora de Infraestructura, S.A.B. de C.V.",B
WAREHOUSES DE PAUW NV,AA
VINCI SA,A
FIRST ABU DHABI BANK P.J.S.C.,A
Abu Dhabi Islamic Bank PJSC,AA
"Autobio Diagnostics Co., Ltd.",B
Banco do Brasil S.A.,A
"DOLLAR TREE, INC.",A
KEURIG DR PEPPER INC.,AA
DSV A/S,AA
"DYNATRACE, INC.",AA
DTE ENERGY COMPANY,AA
China Tourism Group Duty Free Corporation Limited,A
DUBAI ISLAMIC BANK (PUBLIC JOINT STOCK COMPANY),A
"CHURCH & DWIGHT CO., INC.",AA
POSCO DX COMPANY LTD.,BBB
"STEEL DYNAMICS, INC.",AA
ELECTRONIC ARTS INC.,AA
EASTMAN CHEMICAL COMPANY,BBB
Eastern Company SAE,CCC
EATON CORPORATION PUBLIC LIMITED COMPANY,A
"CHINA RARE EARTH RESOURCES AND TECHNOLOGY CO., LTD.",CCC
"Jiangsu Eastern Shenghong Co., Ltd.",BB
Far Eastern New Century Corporation,BBB
"China Northern Rare Earth (Group) High-Tech Co., Ltd.",CCC
Far East Horizon Limited,A
EBAY INC.,A
Empresas Copec S.A.,A
ADANI PORTS AND SPECIAL ECONOMIC ZONE LIMITED,CCC
"CONSOLIDATED EDISON, INC.",A
TAL EDUCATION GROUP,BBB
NEW ORIENTAL EDUCATION & TECHNOLOGY GROUP INC.,BB
ANADOLU EFES BIRACILIK VE MALT SANAYII ANONIM SIRKETI,BBB
"Everest Group, Ltd.",BBB
Commercial International Bank - Egypt (CIB),AA
EIFFAGE SA,AA
EICHER MOTORS LIMITED,A
ESSILORLUXOTTICA SA,AA
THE ESTEE LAUDER COMPANIES INC.,A
Element Fleet Management Corp.,AA
"DELTA ELECTRONICS, INC.",AA
LG ELECTRONICS INC.,A
Renesas Electronics Corporation,AA
BHARAT ELECTRONICS LIMITED,BB
EMIRATES NBD BANK (P.J.S.C),BBB
Emirates Telecommunications Group Company PJSC,A
BOUYGUES SA,AA
Eversource Energy,AA
MERIDIAN ENERGY LIMITED,AAA
TC Energy Corporation,AA
JSW ENERGY LIMITED,A
"ENPHASE ENERGY, INC.",AA
Siemens Energy AG,BBB
"EOG RESOURCES, INC.",A
Eoptolink Technology Inc Ltd,B
Epiroc Aktiebolag,AA
"EPAM SYSTEMS, INC.",A
EQUIFAX INC.,BBB
"ALEXANDRIA REAL ESTATE EQUITIES, INC.",BBB
EQUITY RESIDENTIAL,BBB
"EQUITY LIFESTYLE PROPERTIES, INC.",BB
ERIE INDEMNITY COMPANY,B
Erste Group Bank AG,AA
MOL Magyar Olaj- es Gazipari Nyilvanosan Mukodo Reszvenytarsasag,AA
Euronext N.V.,AA
Evolution AB (publ),AAA
EDWARDS LIFESCIENCES CORPORATION,AAA
Hong Kong Exchanges and Clearing Limited,AA
"INTERCONTINENTAL EXCHANGE, INC.",A
SINGAPORE EXCHANGE LIMITED,AA
"Japan Exchange Group, Inc.",AA
LONDON STOCK EXCHANGE GROUP PLC,AA
"Aier Eye Hospital Group Co., Ltd.",BBB
FIRSTENERGY CORP.,A
Ferrari N.V.,BB
"FISERV, INC.",A
Nordea Bank Abp,AA
Gold Fields Limited,AA
"FIDELITY NATIONAL FINANCIAL, INC.",BB
SHRIRAM FINANCE LIMITED,A
BAJAJ FINANCE LIMITED,A
MUTHOOT FINANCE LIMITED,CCC
SYNCHRONY FINANCIAL,AA
POWER FINANCE CORPORATION LIMITED,BB
"Flat Glass Group Co., Ltd.",BBB
FIRST QUANTUM MINERALS LTD.,A
"TYSON FOODS, INCORPORATED",BBB
HORMEL FOODS CORPORATION,AA
JOLLIBEE FOODS CORP.,BB
"Muyuan Foods Co., Ltd.",CCC
ASSOCIATED BRITISH FOODS PLC,AA
"NISSIN FOODS HOLDINGS CO.,LTD.",A
Charoen Pokphand Foods Public Company Limited,BB
The Company for Cooperative Insurance SJSC,BBB
Suntory Beverage & Food Limited,A
West Fraser Timber Co. Ltd.,AA
"Fubon Financial Holding Co., Ltd.",AA
Qatar Fuel Company QPSC,BBB
"POSCO FUTURE M CO., LTD.",BB
Nippon Building Fund Inc.,BBB
"Gaming and Leisure Properties, Inc.",BB
PETRONAS GAS BERHAD,BB
"TOKYO GAS CO.,LTD.",AA
"OSAKA GAS CO., LTD.",A
OIL AND NATURAL GAS CORPORATION LIMITED,CCC
Qatar Gas Transport Company Limited (Nakilat)QPSC,BB
THE HONG KONG AND CHINA GAS COMPANY LIMITED,A
GCL Technology Holdings Limited,B
"GD POWER DEVELOPMENT CO., LTD.",CCC
GENERAL DYNAMICS CORPORATION,A
GENERAL ELECTRIC COMPANY,A
GE VERNOVA INC.,A
GE HEALTHCARE TECHNOLOGIES INC.,A
GEORGE WESTON LIMITEE.,AA
"GEM Co., Ltd.",BB
GEN DIGITAL INC.,AA
"GENERAL MILLS, INC.",AAA
DOLLAR GENERAL CORPORATION,A
"GF Securities Co., Ltd.",BB
GFL ENVIRONMENTAL INC.,BB
Giant Biogene Holding Co Ltd,BB
Victory Giant Technology HuiZhou Co Ltd,B
GJENSIDIGE FORSIKRING ASA,AAA
"FUYAO GLASS INDUSTRY GROUP CO., LTD.",BB
PARAMOUNT GLOBAL,A
CARRIER GLOBAL CORPORATION,AA
Global Unichip Corp,BBB
WSP GLOBAL INC.,AA
WISETECH GLOBAL LIMITED,AAA
RB Global Inc,AAA
GENERAL MOTORS COMPANY,BBB
GMR AIRPORTS LIMITED,BB
GOODMAN GROUP,AA
BARRICK GOLD CORP,BBB
KINROSS GOLD CORPORATION,A
"ZHONGJIN GOLD CORP., LTD",CCC
"Shanjin International Gold Co.,Ltd.",B
HARMONY GOLD MINING COMPANY LIMITED,B
"Shandong Gold Mining Co., Ltd.",CCC
PT Merdeka Copper Gold Tbk,A
"Chifeng Jilong Gold Mining Co., Ltd.",CCC
THE GPT GROUP,AA
GREAT-WEST LIFECO INC.,A
NATIONAL BANK OF GREECE S.A.,A
Great Wall Motor Company Limited,A
"CHINA GREAT WALL SECURITIES CO., LTD.",B
ADANI GREEN ENERGY LIMITED,BBB
"LONGi Green Energy Technology Co., Ltd.",BB
"THE GOLDMAN SACHS GROUP, INC.",A
GS Holdings,BBB
GSK PLC,AA
"Wuhan Guide Infrared Co., Ltd.",CCC
Richter Gedeon Vegyeszeti Gyar Nyilvanosan Mukodo Rt.,BBB
Coca-Cola HBC AG,AA
Mitsubishi HC Capital Inc.,BBB
HCL TECHNOLOGIES LIMITED,AA
"HCA HEALTHCARE, INC.",A
"HD HYUNDAI CO.,LTD.",BBB
"HD HYUNDAI ELECTRIC CO., LTD.",BBB
"HD HYUNDAI HEAVY INDUSTRIES CO.,LTD.",BB
"HD KOREA SHIPBUILDING & OFFSHORE ENGINEERING CO., LTD.",BB
"THE HOME DEPOT, INC.",AA
HDFC BANK LIMITED,AA
HDFC LIFE INSURANCE COMPANY LIMITED,A
"Mitsubishi Heavy Industries, Ltd.",AA
BHARAT HEAVY ELECTRICALS LIMITED,B
IHH HEALTHCARE BERHAD,A
"SAMSUNG HEAVY INDUSTRIES CO.,LTD",BB
SONIC HEALTHCARE LIMITED,AA
"SANY HEAVY INDUSTRY CO., LTD",BB
MAX HEALTHCARE INSTITUTE LIMITED,BB
HF SINCLAIR CORPORATION,A
"Shanghai Zhangjiang Hi-Tech Park Development Co.,Ltd",B
"Gotion High-tech Co.,Ltd.",B
Taiwan High Speed Rail Corporation,BBB
"CHANGCHUN HIGH-TECH INDUSTRY (GROUP) CO., LTD.",BB
Beijing-Shanghai High Speed Railway Co Ltd,CCC
HARGREAVES LANSDOWN PLC,A
HLB INC.,BB
"HLA GROUP CORP., LTD.",B
H & M Hennes & Mauritz AB,AA
"HMM CO.,LTD",BBB
THALES SA,BBB
INVITATION HOMES INC.,BBB
AMERICAN HOMES 4 RENT,BBB
"New Hope Liuhe Co., Ltd.",B
Oppein Home Group Inc.,B
Sinotruk (Hong Kong) Limited,BB
HONG LEONG BANK BERHAD,A
HP INC.,AA
HSBC HOLDINGS PLC,AA
"Tianshui Huatian Technology Co., Ltd.",CCC
SUN HUNG KAI PROPERTIES LIMITED,A
"J. B. HUNT TRANSPORT SERVICES, INC.",AA
"HUATAI SECURITIES CO.,LTD.",AA
HUA HONG SEMICONDUCTOR LIMITED,BB
"HUA XIA BANK CO., Limited",BBB
"HUA NAN FINANCIAL HOLDINGS CO., LTD.",AA
"SHAN XI HUA YANG GROUP NEW ENERGY CO., LTD.",CCC
Hwatsing Technology Co Ltd,CCC
HYUNDAI MOTOR COMPANY,CCC
HYUNDAI STEEL COMPANY,B
"HYUNDAI MOBIS CO.,LTD",B
"HYUNDAI ENGINEERING & CONSTRUCTION CO.,LTD",BBB
IA FINANCIAL CORPORATION INC,AA
"INDUSTRIAL BANK CO.,LTD.",AA
"Iberdrola, S.A.",AAA
"IBIDEN CO.,LTD.",AAA
IDEX CORPORATION,AA
VODAFONE IDEA LIMITED,B
IDFC FIRST BANK LIMITED,A
"IEIT SYSTEMS Co., Ltd,",A
"iFLYTEK CO.,LTD",BB
IGM FINANCIAL INC,A
"ILLUMINA, INC.",A
ILLINOIS TOOL WORKS INC.,A
TURKCELL ILETISIM HIZMETLERI ANONIM SIRKETI,A
LEG Immobilien SE,AAA
Muenchener Rueckversicherungs-Gesellschaft Aktiengesellschaft in Muenchen,AAA
"UDR, INC.",BB
"PAYCHEX, INC.",AA
"BXP, INC.",AA
"NVR, Inc.",A
ECOLAB INC.,AAA
"EQUINIX, INC.",AA
METRO INC.,A
"DATADOG, INC.",A
"TOAST, INC.",BBB
IOI CORPORATION BERHAD,BBB
INTERNATIONAL PAPER COMPANY,AA
Industries Qatar Q.P.S.C,CCC
"IQIYI, INC.",B
IQVIA HOLDINGS INC,AA
INGERSOLL RAND INC.,AA
BANK OF IRELAND GROUP PUBLIC LIMITED COMPANY,A
TURKIYE IS BANKASI ANONIM SIRKETI,BB
TINGYI (CAYMAN ISLANDS) HOLDING CORP.,BB
ISRAEL DISCOUNT BANK LIMITED,BBB
BANK LEUMI LE ISRAEL B.M.,A
Qatar Islamic Bank (Q.P.S.C),BBB
QATAR INTERNATIONAL ISLAMIC BANK (Q.P.S.C.),CCC
"GARTNER, INC.",AA
"Amadeus IT Group, S.A.",AA
TELECOM ITALIA SPA,BBB
Itau Unibanco Holding S.A.,A
IVANHOE MINES LTD,A
"JA Solar Technology Co., Ltd.",B
"JACK HENRY & ASSOCIATES, INC.",A
"RAYMOND JAMES FINANCIAL, INC.",AA
JAMES HARDIE INDUSTRIES PUBLIC LIMITED COMPANY,AA
ORACLE CORPORATION JAPAN,A
"Japan Airlines Co., Ltd.",A
West Japan Railway Company,AA
Central Japan Railway Company,A
JBS S.A.,CCC
"JCET Group Co., Ltd.",BB
"JCHX MINING MANAGEMENT CO.,LTD.",BB
JD SPORTS FASHION PLC,A
JD Logistics Inc,BB
JD Health International Inc,BBB
"JD.COM, INC.",A
JDE Peet's N.V.,BBB
"Jeronimo Martins, SGPS, S.A.",A
LA FRANCAISE DES JEUX SA,AA
CHOW TAI FOOK JEWELLERY GROUP LIMITED,A
"Yantai Jereh Oilfield Services Group Co., Ltd.",BB
"JFE Holdings, Inc.",AA
"JG SUMMIT HOLDINGS, INC.",BBB
JOHNSON & JOHNSON,A
JOHNSON CONTROLS INTERNATIONAL PLC,AA
Jiangsu King's Luck Brewery Joint-Stock Co Ltd,CCC
JPMORGAN CHASE & CO.,A
East Japan Railway Company,A
Jiangsu Expressway Company Limited,BB
JSW STEEL LIMITED,B
"Guotai Junan Securities Co., Ltd.",BBB
KB Financial Group Inc.,AAA
KBC GROEP NV,AAA
KDDI CORPORATION,AAA
Ke Holdings Inc,BBB
KERRY GROUP PUBLIC LIMITED COMPANY,AAA
"Yihai Kerry Arawana Food Group Co., Ltd.",A
KGHM POLSKA MIEDZ SPOLKA AKCYJNA,BBB
Henkel AG & Co. KGaA,AAA
CTS Eventim AG & Co. KGaA,A
"KGI Financial Holding Co., Ltd.",BBB
KIA CORPORATION,B
KIMBERLY-CLARK CORPORATION,AA
"Kimberly-Clark de Mexico, S.A.B. de C.V.",BBB
KKR & CO. INC.,BBB
KLEPIERRE SA,A
KLA CORPORATION,A
KLABIN S.A.,BBB
Wolters Kluwer N.V.,AAA
Knorr-Bremse Aktiengesellschaft,AA
KNIGHT-SWIFT TRANSPORTATION HOLDINGS INC.,A
THE COCA-COLA COMPANY,AAA
"KOREAN AIR LINES CO.,LTD",A
KOTAK MAHINDRA BANK LIMITED,A
KOREA ZINC INC,BB
BOC HONG KONG (HOLDINGS) LIMITED,AA
KOREA ELECTRIC POWER CORPORATION,BB
"KOREA AEROSPACE INDUSTRIES, LTD.",BB
KOKUSAI ELECTRIC CORPORATION,AA
Mabanee Company KPSC,BB
Koninklijke KPN N.V.,AAA
THE KROGER CO.,AA
KRUNGTHAI CARD PUBLIC COMPANY LIMITED,BBB
Krung Thai Bank Public Company Limited,A
KT CORPORATION,A
KT&G Corporation,AA
KUBOTA CORPORATION,AAA
KUAISHOU TECHNOLOGY,BBB
"KUMYANG CO.,LTD",CCC
Kuehne   Nagel International AG,AAA
KUMBA IRON ORE LIMITED,AA
KUALA LUMPUR KEPONG BERHAD,AA
"Kunlun Tech Co., Ltd.",CCC
"KUMHO PETRO CHEMICAL CO.,LTD",BB
"Kweichow Moutai Co., Ltd.",BBB
KYOCERA CORPORATION,A
UPM-Kymmene Oyj,AAA
"Kyowa Kirin Co., Ltd.",AA
LAS VEGAS SANDS CORP.,BBB
LATAM Airlines Group S.A.,BBB
"LB Group Co., Ltd.",CCC
"Lens Technology Co.,Ltd.",CCC
ARISTOCRAT LEISURE LIMITED,AA
LEGAL & GENERAL GROUP PLC,AAA
LG Corp.,BB
LG CHEM LTD,A
"LG Display Co., Ltd.",AA
"LG H&H Co., Ltd.",BBB
"LG INNOTEK CO.,LTD",BB
"LG ENERGY SOLUTION, LTD.",BBB
LABCORP HOLDINGS INC.,AA
Li Ning Co Ltd,BBB
SBI LIFE INSURANCE COMPANY LIMITED,B
ICICI PRUDENTIAL LIFE INSURANCE COMPANY LIMITED,AA
DISCOVERY LIMITED,A
CITIC Limited,BBB
ITC LIMITED,AA
LKQ CORPORATION,AAA
Telefonaktiebolaget LM Ericsson,BBB
PETRONET LNG LIMITED,B
SAL Saudi Logistics Services Company SJSC,B
LPL FINANCIAL HOLDINGS INC.,A
LEGRAND SA,AA
"LS ELECTRIC CO., LTD",BBB
LTIMINDTREE LIMITED,A
FORTESCUE LTD,AA
StoneCo Ltd.,BB
VEON Ltd.,AA
Nutrien Ltd.,AA
Monday.Com Ltd,A
AltaGas Ltd.,AA
TOTO LTD.,AA
LVMH MOET HENNESSY LOUIS VUITTON SE,AA
"LAMB WESTON HOLDINGS, INC.",AA
LY Corporation,AAA
LyondellBasell Industries N.V.,AA
MASTERCARD INCORPORATED.,AA
"Hitachi Construction Machinery Co., Ltd.",AA
Zhejiang Dingli Machinery Co Ltd,B
MBANK SPOLKA AKCYJNA,A
"HUADONG MEDICINE CO., LTD",BBB
Mega Financial Holding Company Ltd.,AA
Mango Excellent Media Co Ltd,B
Jiangsu Phoenix Publishing & Media Corporation Limited,B
"Focus Media Information Technology Co., Ltd.",BB
Magna International Inc.,BBB
Multiply Group PJSC,BB
MGM RESORTS INTERNATIONAL,BBB
MICROSOFT CORPORATION,AA
Trend Micro Incorporated,A
SG Micro Corp,BBB
"ADVANCED MICRO DEVICES, INC.",AA
"MICRO-STAR INTERNATIONAL CO.,LTD.",BBB
COMPAGNIE GENERALE DES ETABLISSEMENTS MICHELIN SCA,AAA
MMG Limited,BBB
"Altria Group, Inc.",A
EXXON MOBIL CORPORATION,BBB
"T-MOBILE US, INC.",BB
"TAIWAN MOBILE CO., LTD.",A
MPHASIS LIMITED,A
Mr DIY Group (M) Bhd,A
MRF LIMITED,B
MORGAN STANLEY,AA
MTN GROUP LIMITED,AA
MTR CORPORATION LIMITED,AAA
"MICRON TECHNOLOGY, INC.",A
OLD MUTUAL LIMITED,AA
"Banco del Bajio S.A., Institucion de Banca Multiple",BBB
BRISTOL-MYERS SQUIBB COMPANY,A
NATIONAL BANK OF CANADA,AAA
NAN YA PLASTICS CORPORATION,BBB
PUNJAB NATIONAL BANK,A
NATIONAL GRID PLC,AAA
"NASDAQ, INC.",AA
QATAR NATIONAL BANK (Q.P.S.C.),A
NCsoft Corporation,AA
NEWS CORPORATION,BBB
SPARK NEW ZEALAND LIMITED,AA
NEW CHINA LIFE INSURANCE COMPANY LTD.,B
Xinjiang Daqo New Energy Co Ltd,CCC
Beijing New Building Materials Public Limited Company,CCC
"BAIC BluePark New Energy Technology Co., Ltd.",BBB
"ENN Natural Gas Co., Ltd.",A
"NH INVESTMENT & SECURITIES CO.,LTD",BBB
NHPC LIMITED,BB
ZHEJIANG NHU COMPANY LTD.,BB
"Jiangsu Nhwa Pharmaceutical Co., Ltd.",B
NISOURCE INC.,AAA
NICE LTD,AAA
Nippon Yusen Kabushiki Kaisha,AA
"Nippon Prologis REIT, Inc.",BBB
"NIPPON PAINT HOLDINGS CO., LTD.",A
"Dai Nippon Printing Co., Ltd.",AA
NMDC LIMITED,CCC
NN Group N.V.,AA
NORTHERN TRUST CORPORATION,A
NORTHERN STAR RESOURCES LTD,AA
"NRG ENERGY, INC.",BB
NTPC LIMITED,CCC
NTT DATA GROUP CORPORATION,A
Nu Holdings Ltd,BBB
NUCOR CORPORATION,AA
SABIC Agri-Nutrients Company SJSC,BB
"China National Nuclear Power Co., Ltd",BB
Lotus Bakeries NV,A
SYENSQO NV,A
GROEP BRUSSEL LAMBERT NV,A
Heineken N.V.,AA
NVIDIA CORPORATION,AAA
NXP Semiconductors N.V.,AAA
OTP Bank Nyrt.,BBB
MERCURY NZ LIMITED,AA
OWENS CORNING,AA
Oersted A/S,AAA
"Bank of Ningbo Co., Ltd.",BBB
"BANK OF NANJING CO., LTD.",BB
"BANK OF CHENGDU CO., LTD.",BB
"Bank of Jiangsu Co., Ltd.",BBB
"Bank of Suzhou Co., Ltd.",BBB
"BANK OF HANGZHOU CO., LTD.",BB
TUBE INVESTMENTS OF INDIA LIMITED,B
BANK OF MONTREAL,AA
China Oilfield Services Limited,CCC
MARATHON OIL CORPORATION,AA
S-Oil Corporation,BB
TOURMALINE OIL Corporation,A
INDIAN OIL CORPORATION LIMITED,BB
"OFFSHORE OIL ENGINEERING CO.,LTD.",BBB
"OKTA, INC.",A
OLYMPUS CORPORATION,BB
"OLD DOMINION FREIGHT LINE, INC.",AA
OMRON Corporation,AAA
OMV Aktiengesellschaft,AA
OMNICOM GROUP INC.,BBB
HACI OMER SABANCI HOLDING ANONIM SIRKETI,AA
ON SEMICONDUCTOR CORPORATION,A
LITE-ON TECHNOLOGY CORPORATION,AA
Global-E Online Ltd,A
HYDRO ONE LIMITED,AA
FORMULA ONE GROUP,BBB
CAPITAL ONE FINANCIAL CORPORATION,A
Ooredoo Q.P.S.C.,BBB
Open Text Corporation,AAA
PTT Oil and Retail Business Public Company Limited,AA
L'OREAL SA,AA
ORANGE SA,A
Orion Oyj,A
ORION CORP.,B
HELLENIC TELECOMMUNICATIONS ORGANIZATION S.A.,A
ORIGIN ENERGY LIMITED,BBB
"ORIENTAL LAND CO.,LTD.",AA
ORIENT OVERSEAS (INTERNATIONAL) LIMITED,BBB
ORIENT SECURITIES COMPANY LIMITED,AA
POWSZECHNA KASA OSZCZEDNOSCI BANK POLSKI SPOLKA AKCYJNA,A
OTSUKA CORPORATION,BBB
OTIS WORLDWIDE CORPORATION,A
"Otsuka Holdings Co., Ltd.",A
FORD OTOMOTIV SANAYI ANONIM SIRKETI,B
TOFAS TURK OTOMOBIL FABRIKASI ANONIM SIRKETI,B
UNITED OVERSEAS BANK LIMITED,AA
CHINA OVERSEAS LAND & INVESTMENT LTD.,BBB
Elisa Oyj,AAA
Metso Oyj,AAA
KONE Oyj,AA
Nokia Oyj,AAA
Neste Oyj,AAA
Kesko Oyj,AAA
Stora Enso Oyj,AAA
Pan Pacific International Holdings Corporation,AA
PAGE INDUSTRIES LIMITED,B
SCG PACKAGING PUBLIC COMPANY LIMITED,A
"ShenZhen YUTO Packaging Technology Co., Ltd.",CCC
Pan American Silver Corp.,BBB
UNION PACIFIC CORPORATION,AA
SWIRE PACIFIC LIMITED,AAA
PT Barito Pacific Tbk,BBB
Texas Pacific Land Corp,BBB
PB Fintech Ltd,BBB
PDD Holdings Inc.,B
"INDUSTRIAS PENOLES, S.A.B. DE C.V.",B
PFIZER INC.,A
PG&E CORPORATION,BBB
THE PROCTER & GAMBLE COMPANY,A
PGE POLSKA GRUPA ENERGETYCZNA SPOLKA AKCYJNA,BB
PARKER-HANNIFIN CORPORATION,BBB
PHILLIPS 66,AA
Philip Morris International Inc.,BBB
BANK OF THE PHILIPPINE ISLANDS,BBB
MANKIND PHARMA LIMITED,BB
Astellas Pharma Inc.,AAA
ROYALTY PHARMA PLC,AA
AUROBINDO PHARMA LTD,BB
Zealand Pharma A/S,BBB
"REGENERON PHARMACEUTICALS, INC.",A
PI INDUSTRIES LIMITED,A
PEMBINA PIPELINE CORPORATION,AA
ALDAR PROPERTIES PJSC,BBB
Abu Dhabi Commercial Bank PJSC,AA
ABU DHABI NATIONAL OIL COMPANY FOR DISTRIBUTION PJSC,BB
"META PLATFORMS, INC.",B
Formosa Plastics Corporation,B
IMPALA PLATINUM HOLDINGS LIMITED,BBB
Northam Platinum Holdings Limited,BBB
Anglo American Platinum Limited,A
UNILEVER PLC,AAA
AVICOPTER PLC,CCC
TESCO PLC,AA
WPP PLC,AA
"THE PNC FINANCIAL SERVICES GROUP, INC.",AA
Pop Mart International Group Ltd,AA
CHECK POINT SOFTWARE TECHNOLOGIES LTD.,AA
"Liaoning Port Co., Ltd.",CCC
"Shanghai International Port (Group) Co., Ltd.",CCC
China Merchants Port Holdings Company Limited,BBB
PPL CORPORATION,BBB
"PPG INDUSTRIES, INC.",AAA
Wheaton Precious Metals Corp.,AA
PT Astra International Tbk,BBB
PT United Tractors Tbk,A
PT Kalbe Farma Tbk,A
PT Unilever Indonesia Tbk,A
PT Bank Central Asia Tbk,A
PT Telkom Indonesia (Persero) Tbk,A
PT Bank Mandiri (Persero) Tbk,BBB
GoTo Gojek Tokopedia PT Tbk,A
Lifco AB (publ),BBB
Essity Aktiebolag (publ),AAA
Beijer Ref AB (publ),A
"PURE STORAGE, INC.",A
L E Lundbergforetagen Aktiebolag (publ),BB
PUBLIC STORAGE.,A
PUBLIC BANK BHD,AA
SEGRO PUBLIC LIMITED COMPANY,AAA
QANTAS AIRWAYS LIMITED,A
Qatar Electricity and Water Company Q.P.S.C.,CCC
QBE INSURANCE GROUP LIMITED,AAA
Qiagen N.V.,AA
Qifu Technology Inc,BBB
"Qinghai Salt Lake Industry Co., Ltd.",B
QL RESOURCES BERHAD,BBB
"QORVO, INC.",A
"Shanghai RAAS Blood Products Co., Ltd.",CCC
Range Intelligent Computing Technology Group Co Ltd,CCC
Rail Vikas Nigam Ltd,CCC
Raia Drogasil S/A,A
Swiss Re AG,AAA
Hannover Rueck SE,A
REC LIMITED,B
REA GROUP LTD,AA
"Nomura Real Estate Holdings, Inc.",A
Barwa Real Estate Company Q.P.S.C.,B
Link Real Estate Investment Trust,BBB
REGIONS FINANCIAL CORPORATION,A
EURAZEO SE,AA
Rheinmetall Aktiengesellschaft,A
RHB BANK BERHAD,A
PERNOD RICARD SA,AA
RIO TINTO PLC,A
RIO TINTO LIMITED,A
"ROSS STORES, INC.",BBB
"Ecovacs Robotics Co., Ltd.",BBB
"Sichuan Road & Bridge Group Co.,Ltd.",CCC
RPM INTERNATIONAL INC.,BBB
ROLLS-ROYCE HOLDINGS PLC,BBB
"RELIANCE, INC.",BBB
RTX CORPORATION,A
"Shanghai Rural Commercial Bank Co., Ltd.",A
"Chongqing Rural Commercial Bank Co., Ltd.",BBB
"Cheng Shin Rubber Ind., Co., Ltd.",BB
RWE Aktiengesellschaft,A
COVIVIO SA,AAA
AGEAS SA,AA
RENAULT SA,BBB
ACCOR SA,A
KERING SA,AAA
ARKEMA SA,A
ALSTOM SA,AA
SBA COMMUNICATIONS CORPORATION,AA
"SBI Holdings, Inc.",BB
SBI CARDS AND PAYMENT SERVICES LIMITED,A
SCHNEIDER ELECTRIC SE,AAA
EXACT SCIENCES CORPORATION,A
"GILEAD SCIENCES, INC.",AAA
TIANDI SCIENCE & TECHNOLOGY CO.LTD,CCC
"Goldwind Science & Technology Co., Ltd.",BBB
"Zoomlion Heavy Industry Science And Technology Co., Ltd",BBB
Himile Mechanical Science and Technology Shandong Co Ltd,CCC
SD GUTHRIE BERHAD,AA
"SAMSUNG SDI CO., LTD.",A
"SDIC Capital Co., Ltd.",B
"SDIC Power Holdings Co., Ltd.",BB
Ferrovial SE,A
Porsche Automobil Holding SE,B
E.ON SE,AA
Zalando SE,AA
TELEPERFORMANCE SE,A
BOLLORE SE,BB
argenx SE,AA
PUMA SE,AAA
"SG HOLDINGS CO.,LTD.",AAA
SGS SA,AAA
"Galp Energia, SGPS, S.A.",AAA
Amlogic Shanghai Co Ltd,CCC
ACM Research Shanghai Inc,B
"Shenzhen Inovance Technology Co., Ltd",A
"Shenzhen Energy Group Co., Ltd.",CCC
"SHENZHEN SALUBRIS PHARMACEUTICALS CO., LTD.",BB
Shenzhen Transsion Holdings Co Ltd,BB
"Shenzhen Capchem Technology Co., Ltd.",BB
"Shanghai Pharmaceuticals Holding Co., Ltd.",A
"SIMON PROPERTY GROUP, INC.",BBB
China Railway Signal & Communication Corporation Limited,BBB
SINGAPORE TELECOMMUNICATIONS LIMITED,A
GENTING SINGAPORE LIMITED,AA
SINGAPORE TECHNOLOGIES ENGINEERING LTD,A
BANK ALBILAD SJSC,BBB
Almarai Company SJSC,BB
ELM COMPANY SJSC,CCC
Jarir Marketing Company SJSC,BBB
Etihad Etisalat Company SJSC,AA
Savola Group Company SJSC,A
Banque Saudi Fransi SJSC,BBB
SK Inc.,AAA
SK hynix Inc.,A
"SK Bioscience Co.,Ltd",A
"SK Innovation Co., Ltd.",AA
SK Biopharmaceuticals Co Ltd,AA
"SK TELECOM CO.,LTD",AA
SEB SA,BBB
SM INVESTMENTS CORPORATION,BBB
"SM PRIME HOLDINGS, INC.",BB
SMITH & NEPHEW PLC,A
A. O. SMITH CORPORATION,BBB
"Haier Smart Home Co., Ltd.",AA
SNAM S.P.A.,AA
SNOWFLAKE INC.,BBB
SNAP INC.,BB
SNAP-ON INCORPORATED,BBB
THE SOUTHERN COMPANY,A
SOUTHERN COPPER CORPORATION,B
NORFOLK SOUTHERN CORPORATION,A
"SKYWORKS SOLUTIONS, INC.",A
"MOTOROLA SOLUTIONS, INC.",AA
HANWHA SOLUTIONS CORPORATION,A
China Southern Airlines Company Limited,BBB
"Spring Airlines Co., Ltd.",B
"NONGFU SPRING CO., LTD.",A
EXTRA SPACE STORAGE INC.,BB
"CITIC Pacific Special Steel Group Co., Ltd",CCC
"BLOCK, INC.",BB
"SK Square Co., Ltd.",A
"SS&C TECHNOLOGIES HOLDINGS, INC.",B
SSE PLC,AAA
STANDARD CHARTERED PLC,AA
STATE STREET CORPORATION,AA
STANDARD BANK GROUP LIMITED,AA
State Bank of India,BBB
"STANLEY BLACK & DECKER, INC.",BBB
China State Construction Engineering Corporation Limited,B
CHINA STATE CONSTRUCTION INTERNATIONAL HOLDINGS LIMITED,B
Suncor Energy Inc.,A
"SUPER MICRO COMPUTER, INC.",B
"SUN COMMUNITIES, INC.",BB
SUN LIFE FINANCIAL INC,AAA
"SHANDONG SUN PAPER CO., LTD.",CCC
Huizhou Desay SV Automotive Co Ltd,B
Svenska Handelsbanken AB,AAA
Svenska Cellulosa Aktiebolaget SCA,AAA
SODEXO SA,A
SMURFIT WESTROCK PUBLIC LIMITED COMPANY,A
Swedbank AB,AA
Swedish Orphan Biovitrum AB (publ),A
Swiss Life Holding AG,AA
ELBIT SYSTEMS LTD,AA
"BENTLEY SYSTEMS, INCORPORATED",A
"CISCO SYSTEMS, INC.",AA
VEEVA SYSTEMS INC.,AA
FACTSET RESEARCH SYSTEMS INC.,AA
"MONOLITHIC POWER SYSTEMS, INC.",BBB
"TAKE-TWO INTERACTIVE SOFTWARE, INC.",A
Saudi Tadawul Group Holding Company SJSC,CCC
"TAIWAN BUSINESS BANK, LTD.",A
"Taiwan Semiconductor Manufacturing Co., Ltd.",AAA
EVERGREEN MARINE CORP. (TAIWAN) LTD.,A
"Taiwan Cooperative Financial Holding Co., Ltd.",AA
"TBEA CO., LTD.",B
PT Sumber Alfaria Trijaya Tbk,B
"TCC Group Holdings CO., LTD.",A
TCL Technology Group Corporation,BB
"TCL Zhonghuan Renewable Energy Technology Co.,Ltd.",BB
TORONTO-DOMINION BANK,AA
TDK CORPORATION,A
TE CONNECTIVITY PUBLIC LIMITED COMPANY,A
"TYLER TECHNOLOGIES, INC.",A
Hundsun Technologies Inc.,A
TRANE TECHNOLOGIES PLC,AAA
ZEBRA TECHNOLOGIES CORPORATION,A
DELL TECHNOLOGIES INC.,A
TELEDYNE TECHNOLOGIES INCORPORATED,A
"KEYSIGHT TECHNOLOGIES, INC.",AAA
TFI International Inc.,BB
Suzhou TFC Optical Communication Co Ltd,B
Airports of Thailand Public Company Limited,A
Delta Electronics (Thailand) Public Company Limited,A
THE AES CORPORATION,AA
THE PROGRESSIVE CORPORATION,A
THE TORO COMPANY,AA
THE CIGNA GROUP,AA
THE HERSHEY COMPANY,A
THE BOEING COMPANY,BB
TEXAS INSTRUMENTS INCORPORATED,AAA
"Zhuzhou CRRC Times Electric Co., Ltd.",B
"THE TJX COMPANIES, INC.",A
TELEKOM MALAYSIA BERHAD,A
TMX Group Limited,AA
TMBTHANACHART BANK PUBLIC COMPANY LIMITED,BBB
Talaat Mostafa Group Holding TMG Holding SAE,CCC
Tokyo Electron Limited,AAA
"Tokyo Electric Power Company Holdings, Incorporated",CCC
JAPAN TOBACCO INC.,BBB
BRITISH AMERICAN TOBACCO P.L.C.,A
"THE TRADE DESK, INC.",BB
TOYOTA TSUSHO CORPORATION,BB
"HIKARI TSUSHIN, INC.",BB
Tsingtao Brewery Company Limited,BBB
"Xiamen Tungsten Co., Ltd.",BB
TVS MOTOR COMPANY LIMITED,A
TAYLOR WIMPEY PLC,AAA
TRADEWEB MARKETS INC.,BB
TWILIO INC.,AA
"SHANDONG LINGLONG TYRE CO., LTD.",BB
"UBER TECHNOLOGIES, INC.",A
POWSZECHNY ZAKLAD UBEZPIECZEN SPOLKA AKCYJNA,BBB
UBS Group AG,AA
UCB SA,AA
"Mitsubishi UFJ Financial Group, Inc.",A
"ULTA BEAUTY, INC.",AA
ULTRATECH CEMENT LIMITED,B
UNI-PRESIDENT ENTERPRISES CORP.,BBB
UNION BANK OF INDIA LIMITED,AA
UNITED SPIRITS LIMITED,A
"UNITED RENTALS, INC.",AA
UNITED THERAPEUTICS CORPORATION,BBB
UNITED MICROELECTRONICS CORP.,AA
UNIVERSAL ROBINA CORPORATION,B
UNITED UTILITIES GROUP PLC,A
"Essential Utilities, Inc.",AA
YAPI VE KREDI BANKASI ANONIM SIRKETI,AA
TURKIYE SISE VE CAM FABRIKALARI ANONIM SIRKETI,BB
ASELSAN ELEKTRONIK SANAYI VE TICARET ANONIM SIRKETI,A
EREGLI DEMIR VE CELIK FABRIKALARI TURK ANONIM SIRKETI,B
VERIZON COMMUNICATIONS INC.,A
BUREAU VERITAS SA,AA
"ZOOM VIDEO COMMUNICATIONS, INC.",BBB
VOLKSWAGEN AKTIENGESELLSCHAFT,B
VULCAN MATERIALS COMPANY,A
WATERS CORPORATION,AAA
"Zhejiang Wanfeng Auto Wheel Co., Ltd.",CCC
"EXPEDITORS INTERNATIONAL OF WASHINGTON, INC",AAA
WASHINGTON H. SOUL PATTINSON AND COMPANY LIMITED,BBB
"AMERICAN WATER WORKS COMPANY, INC.",A
WH GROUP LIMITED,BBB
COSTCO WHOLESALE CORPORATION,A
VESTAS WIND SYSTEMS A/S,AAA
"Will Semiconductor Co., Ltd. Shanghai",BBB
"WASTE MANAGEMENT, INC.",A
H World Group Limited,BBB
WPG HOLDINGS LIMITED,A
"Wuliangye Yibin Co., Ltd.",B
"WuXi AppTec Co., Ltd.",AA
Wus Printed Circuit Kunshan Co Ltd,BB
WEYERHAEUSER COMPANY,AA
"WYNN RESORTS, LIMITED",BB
XP Inc.,A
XPENG INC.,AAA
XYLEM INC.,AAA
YAGEO CORPORATION,A
YARA INTERNATIONAL ASA,A
YASKAWA Electric Corporation,AA
"Yamaha Motor Co., Ltd.",AAA
"YAKULT HONSHA CO.,LTD.",BBB
Yankuang Energy Group Company Limited,BB
"JIANGSU YANGHE DISTILLERY CO., LTD.",BB
YANG MING MARINE TRANSPORT CORPORATION,B
Yokogawa Electric Corporation,AAA
"Youngor Fashion Co., Ltd.",CCC
TURK HAVA YOLLARI ANONIM ORTAKLIGI,BBB
"YONYOU NETWORK TECHNOLOGY CO.,LTD.",AA
The Bank of New York Mellon Corporation,AA
YTL CORPORATION BERHAD,BB
YTL POWER INTERNATIONAL BERHAD,BBB
"YTO Express Group Co.,Ltd.",CCC
"YUNNAN YUNTIANHUA CO., LTD",CCC
YUHAN CORPORATION,A
"YUM! Brands, Inc.",BBB
"YUM CHINA HOLDINGS, INC.",AA
"Yunnan Tin Co., Ltd.",B
"YUNNAN BAIYAO GROUP CO., LTD",A
"ZENSHO HOLDINGS CO.,LTD.",BBB
"ZILLOW GROUP, INC.",BB
"Zhejiang Zheneng Electric Power CO., LTD",CCC
"ZHANGZHOU PIENTZEHUANG PHARMACEUTICAL CO., LTD.",BBB
Zhaojin Mining Industry Company Limited,CCC
"ZHONGTAI SECURITIES CO., LTD.",B
"ZHESHANG SECURITIES CO.,LTD.",CCC
Hebei Yangyuan ZhiHui Beverage Co Ltd,BB
ZHEN DING TECHNOLOGY HOLDING LIMITED,BB
"CHINA ZHESHANG BANK CO., LTD.",A
"ZHEJIANG SUPOR CO., LTD.",CCC
"Zhejiang Juhua Co., Ltd.",CCC
"ZIMMER BIOMET HOLDINGS, INC.",AA
Zijin Mining Group Company Limited,B
ZOETIS INC.,AAA
Zomato Ltd,AA
"CHINA MERCHANTS SHEKOU INDUSTRIAL ZONE HOLDINGS CO., LTD.",A
"ZSCALER, INC.",AA
ZTE Corporation,BB
ZTO EXPRESS (CAYMAN) INC.,BB
Zurich Insurance Group AG,AAA
